{"train/epoch": 18, "train/train_loss": 1.4562082290649414, "val/val_loss": 1.4574904441833496, "_timestamp": 1701119923.2265084, "_runtime": 242.2170853614807, "_step": 18}