{"train/epoch": 999, "train/train_loss": 1.228265255689621, "val/val_loss": 1.2484303712844849, "_timestamp": 1701131967.5540771, "_runtime": 12286.544654130936, "_step": 1000, "inferences": {"_type": "table-file", "sha256": "05b199ad4611b98acaac254940bd825901476f22c61d7ed71b68ed535a5de5e6", "size": 2250, "artifact_path": "wandb-client-artifact://k7gk4ipt1lv8mwknjmavtjwc68j2xc03gv3941dpg13xbpkdav6t5l6qj77zc1etcvsvi51w5wk7l17tt7dqlt68vf2lgl08ee5y9euviasle9z1eiuvu9v0c07gs65g:latest/inferences.table.json", "_latest_artifact_path": "wandb-client-artifact://k7gk4ipt1lv8mwknjmavtjwc68j2xc03gv3941dpg13xbpkdav6t5l6qj77zc1etcvsvi51w5wk7l17tt7dqlt68vf2lgl08ee5y9euviasle9z1eiuvu9v0c07gs65g:latest/inferences.table.json", "path": "media/table/inferences_1000_05b199ad4611b98acaac.table.json", "ncols": 66, "nrows": 1}, "_wandb": {"runtime": 12285}}