{"train/epoch": 53, "train/train_loss": 1.3584870100021362, "val/val_loss": 1.3566535711288452, "_timestamp": 1701119922.2056475, "_runtime": 657.1811964511871, "_step": 53}