{"train/epoch": 999, "train/train_loss": 1.2349681556224823, "val/val_loss": 1.2570034265518188, "_timestamp": 1701131323.725366, "_runtime": 12058.70091509819, "_step": 1000, "inferences": {"_type": "table-file", "sha256": "ecd208ea30b6bbb1e7061015fb09a9b2178b1f96f39eebf4cab3f71dbacf1e56", "size": 2252, "artifact_path": "wandb-client-artifact://lno5k89i9qashzis39bnbjkh74zabxvb7z5q79mqw23s5s4qtj787rpirejzuchoejal0bnu9r4luy3prw4xendevmxj1ucgef7tfy7j3ev8qwaw9nl4irblcn1t45r0:latest/inferences.table.json", "_latest_artifact_path": "wandb-client-artifact://lno5k89i9qashzis39bnbjkh74zabxvb7z5q79mqw23s5s4qtj787rpirejzuchoejal0bnu9r4luy3prw4xendevmxj1ucgef7tfy7j3ev8qwaw9nl4irblcn1t45r0:latest/inferences.table.json", "path": "media/table/inferences_1000_ecd208ea30b6bbb1e706.table.json", "ncols": 66, "nrows": 1}, "_wandb": {"runtime": 12057}}