{"train/epoch": 1, "train/train_loss": 1.8001774549484253, "val/val_loss": 2.3926517963409424, "_timestamp": 1701119505.628661, "_runtime": 29.70704698562622, "_step": 1, "_wandb": {"runtime": 32}}