{"train/epoch": 4, "train/train_loss": 1.5772249698638916, "val/val_loss": 2.002370595932007, "_timestamp": 1701104763.502684, "_runtime": 63.84271001815796, "_step": 4}