{"train/epoch": 4, "train/train_loss": 1.5772249698638916, "val/val_loss": 2.002370595932007, "_timestamp": 1701105604.1421921, "_runtime": 256.0266251564026, "_step": 5, "inferences": {"_type": "table-file", "sha256": "491fc11ccf0168f49d8ebf2ddf3419e21a891576afbc06c4bbf7a3427a989691", "size": 2259, "artifact_path": "wandb-client-artifact://95o6hfdzpqytcsd214s0cvvxemq0bkxqaf9o96r9bgc47l5437acy5d5rqkzbkzog0ya0m8gqjjebebyoirlnrnc1hzt4d78tyl1r2rccle5hzrxdsixj3273nawa98w:latest/inferences.table.json", "_latest_artifact_path": "wandb-client-artifact://95o6hfdzpqytcsd214s0cvvxemq0bkxqaf9o96r9bgc47l5437acy5d5rqkzbkzog0ya0m8gqjjebebyoirlnrnc1hzt4d78tyl1r2rccle5hzrxdsixj3273nawa98w:latest/inferences.table.json", "path": "media/table/inferences_5_491fc11ccf0168f49d8e.table.json", "ncols": 66, "nrows": 1}, "_wandb": {"runtime": 255}}