train loss,valid loss
0.14205845911055803,0.13318859619274737
0.12550162291154265,0.11848101160302758
0.11308858555275947,0.107715202444233
0.10401904443278909,0.09981642826506867
0.09737913310527802,0.09400709479302168
