{"train/epoch": 880, "train/train_loss": 1.244432806968689, "val/val_loss": 1.2603424787521362, "_timestamp": 1701125111.583027, "_runtime": 5039.576559782028, "_step": 881, "inferences": {"_type": "table-file", "sha256": "cbbbaed880ac8113ed40c6e4b4fc9d3b8b8aa4b81205a4743d800458e59d3626", "size": 2258, "artifact_path": "wandb-client-artifact://alkgxq4ng7bubw6hskw302hsuox3n19fy5545akg8fu8kpsf82xe0oudwd70ikhl5z0kt50s23qtlc3rv4eyr5xcf3xgds3iuqd6s985f86ei7svsjypzc692opuxmxh:latest/inferences.table.json", "_latest_artifact_path": "wandb-client-artifact://alkgxq4ng7bubw6hskw302hsuox3n19fy5545akg8fu8kpsf82xe0oudwd70ikhl5z0kt50s23qtlc3rv4eyr5xcf3xgds3iuqd6s985f86ei7svsjypzc692opuxmxh:latest/inferences.table.json", "path": "media/table/inferences_881_cbbbaed880ac8113ed40.table.json", "ncols": 66, "nrows": 1}, "_wandb": {"runtime": 5038}}