{"train/epoch": 999, "train/train_loss": 1.2397899627685547, "val/val_loss": 1.2562949657440186, "_timestamp": 1701131017.2409918, "_runtime": 11838.9077937603, "_step": 1000, "inferences": {"_type": "table-file", "sha256": "e8845fe21a22d75c6952b38803d92924576078530b19af0053dabab0f2eef011", "size": 2256, "artifact_path": "wandb-client-artifact://2vajtyfc61zbnyegxtned21z70l5ec4pmf3lfaeo4dby5niex1ih66tikzuxpn2xuh2b5ht5mn1uu4yoj5rsfhp0yoll54baqtpoy4peduwevrlfjk4vm78s3wlo6f32:latest/inferences.table.json", "_latest_artifact_path": "wandb-client-artifact://2vajtyfc61zbnyegxtned21z70l5ec4pmf3lfaeo4dby5niex1ih66tikzuxpn2xuh2b5ht5mn1uu4yoj5rsfhp0yoll54baqtpoy4peduwevrlfjk4vm78s3wlo6f32:latest/inferences.table.json", "path": "media/table/inferences_1000_e8845fe21a22d75c6952.table.json", "ncols": 66, "nrows": 1}, "_wandb": {"runtime": 11838}}