{"train/epoch": 62, "train/train_loss": 1.3480184972286224, "val/val_loss": 1.3520851135253906, "_timestamp": 1701119927.2319834, "_runtime": 748.8987853527069, "_step": 62}