{"train/epoch": 4, "train/train_loss": 0.1370664774440229, "val/val_loss": 0.13128603954054416, "_timestamp": 1699026713.4454784, "_runtime": 7.623019456863403, "_step": 4, "_wandb": {"runtime": 7}}