{"train/epoch": 4, "train/train_loss": 0.09737913310527802, "val/val_loss": 0.09400709479302168, "_timestamp": 1700161731.1125379, "_runtime": 49.43865084648132, "_step": 4, "_wandb": {"runtime": 48}}