{"train/epoch": 68, "train/train_loss": 1.3497551381587982, "val/val_loss": 1.3503707647323608, "_timestamp": 1701119922.1185367, "_runtime": 817.9624648094177, "_step": 68}