{"train/epoch": 999, "train/train_loss": 1.2472699582576752, "val/val_loss": 1.2682722806930542, "_timestamp": 1701130953.1231594, "_runtime": 11848.967087507248, "_step": 1000, "inferences": {"_type": "table-file", "sha256": "a3950f1046f895a7e32ff8f4dc1b53e63d4d39d359b7d27c9062c88c86c54b8c", "size": 2302, "artifact_path": "wandb-client-artifact://3j24vtbsm62o4xiyml98v352pi42pymprzxt6iyve7r41cwgjyxpqjywyeuvstge12v7yn1xha9xvah9qi7qvs7ctugv4nrk9x8ddae0i50nwdf9i7eft5qg3pdvsvkv:latest/inferences.table.json", "_latest_artifact_path": "wandb-client-artifact://3j24vtbsm62o4xiyml98v352pi42pymprzxt6iyve7r41cwgjyxpqjywyeuvstge12v7yn1xha9xvah9qi7qvs7ctugv4nrk9x8ddae0i50nwdf9i7eft5qg3pdvsvkv:latest/inferences.table.json", "path": "media/table/inferences_1000_a3950f1046f895a7e32f.table.json", "ncols": 66, "nrows": 1}, "_wandb": {"runtime": 11848}}