train loss,valid loss
2.3054756224155426,2.4368205070495605
1.8001774549484253,2.3926517963409424
1.6055996716022491,2.2756052017211914
1.6241368651390076,2.0500502586364746
1.56444650888443,1.8880878686904907
1.551864892244339,1.8064675331115723
1.5441701114177704,1.7447240352630615
1.5244796574115753,1.7029317617416382
1.5194501280784607,1.6569292545318604
1.5092588067054749,1.604154109954834
1.502188354730606,1.5629594326019287
