train loss,valid loss
2.800738751888275,2.8487884998321533
1.8342774212360382,2.6543257236480713
1.6210872828960419,2.397717237472534
1.6003644168376923,2.1696572303771973
1.5772249698638916,2.002370595932007
