train loss,valid loss
0.08048656198661774,0.06299744620872662
0.05686418490950018,0.04994079891126603
0.046753787144552916,0.04330879424372688
0.042245034768711776,0.04055284553207457
0.04011949856067076,0.03889148766454309
