{"train/epoch": 0, "train/train_loss": 0.14205845911055803, "val/val_loss": 0.13318859619274737, "_timestamp": 1700188570.527117, "_runtime": 18.255239963531494, "_step": 0, "_wandb": {"runtime": 17}}