train loss,valid loss
0.33696879586204886,0.27936314007267354
0.2557991766370833,0.23346494649723173
0.22053958382457495,0.21020553792454302
0.2031702916137874,0.1993504391219467
0.19476425694301724,0.193354338074103
