{"train/epoch": 2, "train/train_loss": 1.67497518658638, "val/val_loss": 2.3034322261810303, "_timestamp": 1701119005.480636, "_runtime": 39.66086196899414, "_step": 2, "_wandb": {"runtime": 43}}