{"train/epoch": 4, "train/train_loss": 1.5772249698638916, "val/val_loss": 2.002370595932007, "_timestamp": 1701105079.7211843, "_runtime": 255.49895024299622, "_step": 5, "inferences": {"_type": "table-file", "sha256": "8707148d3690eb759274bf9abf0f351f3afb8014ba6ef72b5a27380f7c143bc6", "size": 2239, "artifact_path": "wandb-client-artifact://747sij2qdefaumttjy81cn7s4nq5l8rymb1bjlrbkagemgdkfyk88332v25oex9qh5oi27ay0xjidqyps3oea7rhtru7o4u081gc9tre7ng7d35csdwspm7l1ow5pue0:latest/inferences.table.json", "_latest_artifact_path": "wandb-client-artifact://747sij2qdefaumttjy81cn7s4nq5l8rymb1bjlrbkagemgdkfyk88332v25oex9qh5oi27ay0xjidqyps3oea7rhtru7o4u081gc9tre7ng7d35csdwspm7l1ow5pue0:latest/inferences.table.json", "path": "media/table/inferences_5_8707148d3690eb759274.table.json", "ncols": 66, "nrows": 1}, "_wandb": {"runtime": 255}}