train loss,valid loss
0.1629000415559858,0.1555240504126996
0.15552153112366796,0.14849507968500256
0.14873048872686923,0.14216444953437896
0.1426042637322098,0.1364518931051716
0.1370664774440229,0.13128603954054416
