{"columns": [0, 1], "data": [[0.06655935739399865, 0.04902591889817268], [0.043556482531130314, 0.039864988713059574], [0.03801339719211683, 0.035670541872736064], [0.034590746014146134, 0.03285145185841248], [0.03258710974478163, 0.031205529420403763]]}