{"train/epoch": 97, "train/train_loss": 1.344385802745819, "val/val_loss": 1.3446319103240967, "_timestamp": 1701119924.0984077, "_runtime": 1119.082427740097, "_step": 97}