{"train/epoch": 999, "train/train_loss": 1.2620747089385986, "val/val_loss": 1.2729138135910034, "_timestamp": 1701130525.140594, "_runtime": 11720.12461400032, "_step": 1000, "inferences": {"_type": "table-file", "sha256": "feec67650ff0d3ca11c615f1c33dd38ea198bd2e8f4d8ff54699e4fc1b2ca44b", "size": 2253, "artifact_path": "wandb-client-artifact://zbeyptc4qhz3ylpyriu4fmvd3nprkraawkdp76hmnwv84cuhm81lhrlqk80c1x724hdgzzhml58526es2cbrvhukopei8i6nlxh3jnb84x8n0443g0zqeh45fn393dxn:latest/inferences.table.json", "_latest_artifact_path": "wandb-client-artifact://zbeyptc4qhz3ylpyriu4fmvd3nprkraawkdp76hmnwv84cuhm81lhrlqk80c1x724hdgzzhml58526es2cbrvhukopei8i6nlxh3jnb84x8n0443g0zqeh45fn393dxn:latest/inferences.table.json", "path": "media/table/inferences_1000_feec67650ff0d3ca11c6.table.json", "ncols": 66, "nrows": 1}, "_wandb": {"runtime": 11719}}