{"train/epoch": 999, "train/train_loss": 1.2905501127243042, "val/val_loss": 1.2984583377838135, "_timestamp": 1701130474.0878885, "_runtime": 12027.969010591507, "_step": 1000, "inferences": {"_type": "table-file", "sha256": "b78fe8e5f43c364d09c1ee3e98ecc2daeafb6dbcc35a4c6d036cc2e51d8311a1", "size": 2321, "artifact_path": "wandb-client-artifact://3pmamlytyjmay99wgo4b0t8b44r524k4ecr0t8iod08wqp40cz2i88fbi7ofrx1bn31nmub54pybz52ao777gdqkz8qjyo8l3buh0ceg94w02b3azc5w9nmmkyq7euxu:latest/inferences.table.json", "_latest_artifact_path": "wandb-client-artifact://3pmamlytyjmay99wgo4b0t8b44r524k4ecr0t8iod08wqp40cz2i88fbi7ofrx1bn31nmub54pybz52ao777gdqkz8qjyo8l3buh0ceg94w02b3azc5w9nmmkyq7euxu:latest/inferences.table.json", "path": "media/table/inferences_1000_b78fe8e5f43c364d09c1.table.json", "ncols": 66, "nrows": 1}, "_wandb": {"runtime": 12026}}