{"train/epoch": 127, "train/train_loss": 1.357492446899414, "val/val_loss": 1.3581684827804565, "_timestamp": 1701119924.4219697, "_runtime": 1478.30309176445, "_step": 127}